qnt_down,modo,tempo
10,sequencial,6.701250791549683
10,threads,0.6687469482421875
